<metadata xml:lang="es"><Esri><CreaDate>20240501</CreaDate><CreaTime>12250100</CreaTime><ArcGISFormat>1.0</ArcGISFormat><SyncOnce>FALSE</SyncOnce><DataProperties><itemProps><itemName Sync="TRUE">limite_barrio_vereda_cata</itemName><imsContentType Sync="TRUE">002</imsContentType><itemLocation><linkage Sync="TRUE">file://\\argos01\publicacion\ServiciosPlaneacion\temporal_planeacion\ws_opendata\OD1044_60893\ShapeFile\limite_barrio_vereda_cata.shp</linkage><protocol Sync="TRUE">Local Area Network</protocol></itemLocation><itemSize Sync="TRUE">0.000</itemSize></itemProps><coordRef><type Sync="TRUE">Projected</type><geogcsn Sync="TRUE">GCS_MAGNA</geogcsn><csUnits Sync="TRUE">Linear Unit: Meter (1.000000)</csUnits><projcsn Sync="TRUE">MAGNA-SIRGAS_Origen-Nacional</projcsn><peXml Sync="TRUE">&lt;ProjectedCoordinateSystem xsi:type='typens:ProjectedCoordinateSystem' xmlns:xsi='http://www.w3.org/2001/XMLSchema-instance' xmlns:xs='http://www.w3.org/2001/XMLSchema' xmlns:typens='http://www.esri.com/schemas/ArcGIS/3.0.0'&gt;&lt;WKT&gt;PROJCS[&amp;quot;MAGNA-SIRGAS_Origen-Nacional&amp;quot;,GEOGCS[&amp;quot;GCS_MAGNA&amp;quot;,DATUM[&amp;quot;D_MAGNA&amp;quot;,SPHEROID[&amp;quot;GRS_1980&amp;quot;,6378137.0,298.257222101]],PRIMEM[&amp;quot;Greenwich&amp;quot;,0.0],UNIT[&amp;quot;Degree&amp;quot;,0.0174532925199433]],PROJECTION[&amp;quot;Transverse_Mercator&amp;quot;],PARAMETER[&amp;quot;False_Easting&amp;quot;,5000000.0],PARAMETER[&amp;quot;False_Northing&amp;quot;,2000000.0],PARAMETER[&amp;quot;Central_Meridian&amp;quot;,-73.0],PARAMETER[&amp;quot;Scale_Factor&amp;quot;,0.9992],PARAMETER[&amp;quot;Latitude_Of_Origin&amp;quot;,4.0],UNIT[&amp;quot;Meter&amp;quot;,1.0],AUTHORITY[&amp;quot;EPSG&amp;quot;,9377]]&lt;/WKT&gt;&lt;XOrigin&gt;-618700&lt;/XOrigin&gt;&lt;YOrigin&gt;-8436100&lt;/YOrigin&gt;&lt;XYScale&gt;450623577.52990448&lt;/XYScale&gt;&lt;ZOrigin&gt;-100000&lt;/ZOrigin&gt;&lt;ZScale&gt;10000&lt;/ZScale&gt;&lt;MOrigin&gt;-100000&lt;/MOrigin&gt;&lt;MScale&gt;10000&lt;/MScale&gt;&lt;XYTolerance&gt;0.001&lt;/XYTolerance&gt;&lt;ZTolerance&gt;0.001&lt;/ZTolerance&gt;&lt;MTolerance&gt;0.001&lt;/MTolerance&gt;&lt;HighPrecision&gt;true&lt;/HighPrecision&gt;&lt;WKID&gt;9377&lt;/WKID&gt;&lt;LatestWKID&gt;9377&lt;/LatestWKID&gt;&lt;/ProjectedCoordinateSystem&gt;</peXml></coordRef><lineage><Process ToolSource="c:\program files\arcgis\pro\Resources\ArcToolbox\toolboxes\Data Management Tools.tbx\Merge" Date="20240501" Time="122502">Merge C:\Users\SERVIC~1.GIS\AppData\Local\Temp\mx69CAD02E32E74E0E960A0D1B04D32E92.gdb\ScratchRecordSet \\argos01\publicacion\ServiciosPlaneacion\temporal_planeacion\ws_opendata\OD1044_60893\temp.gdb\limite_barrio_vereda_cata "comuna "COMUNA" true true false 50 Text 0 0,First,#,C:\Users\SERVIC~1.GIS\AppData\Local\Temp\mx69CAD02E32E74E0E960A0D1B04D32E92.gdb\ScratchRecordSet,comuna,0,50;barrio "BARRIO" true true false 50 Text 0 0,First,#,C:\Users\SERVIC~1.GIS\AppData\Local\Temp\mx69CAD02E32E74E0E960A0D1B04D32E92.gdb\ScratchRecordSet,barrio,0,50;codigo "CODIGO" true true false 50 Text 0 0,First,#,C:\Users\SERVIC~1.GIS\AppData\Local\Temp\mx69CAD02E32E74E0E960A0D1B04D32E92.gdb\ScratchRecordSet,codigo,0,50;nombre_barrio "NOMBRE" true true false 50 Text 0 0,First,#,C:\Users\SERVIC~1.GIS\AppData\Local\Temp\mx69CAD02E32E74E0E960A0D1B04D32E92.gdb\ScratchRecordSet,nombre_barrio,0,50;indicador_ur "INDICADOR_UR" true true false 2 Text 0 0,First,#,C:\Users\SERVIC~1.GIS\AppData\Local\Temp\mx69CAD02E32E74E0E960A0D1B04D32E92.gdb\ScratchRecordSet,indicador_ur,0,2;sector "Sector_Catastral" true true false 2 Short 0 0,First,#,C:\Users\SERVIC~1.GIS\AppData\Local\Temp\mx69CAD02E32E74E0E960A0D1B04D32E92.gdb\ScratchRecordSet,sector,-1,-1;nombre_comuna "NOMBRE_COMUNA" true true false 50 Text 0 0,First,#,C:\Users\SERVIC~1.GIS\AppData\Local\Temp\mx69CAD02E32E74E0E960A0D1B04D32E92.gdb\ScratchRecordSet,nombre_comuna,0,50;fecha_sincronizacion "fecha_sincronizacion" true true false 8 Date 0 0,First,#,C:\Users\SERVIC~1.GIS\AppData\Local\Temp\mx69CAD02E32E74E0E960A0D1B04D32E92.gdb\ScratchRecordSet,fecha_sincronizacion,-1,-1;Shape_Length "Shape_Length" false true true 8 Double 0 0,First,#,C:\Users\SERVIC~1.GIS\AppData\Local\Temp\mx69CAD02E32E74E0E960A0D1B04D32E92.gdb\ScratchRecordSet,Shape_Length,-1,-1;Shape_Area "Shape_Area" false true true 8 Double 0 0,First,#,C:\Users\SERVIC~1.GIS\AppData\Local\Temp\mx69CAD02E32E74E0E960A0D1B04D32E92.gdb\ScratchRecordSet,Shape_Area,-1,-1" NO_SOURCE_INFO</Process><Process ToolSource="c:\program files\arcgis\pro\Resources\ArcToolbox\toolboxes\Data Management Tools.tbx\CopyFeatures" Date="20240501" Time="122524">CopyFeatures //argos01/publicacion/ServiciosPlaneacion/temporal_planeacion/ws_opendata/OD1044_60893\temp.gdb\limite_barrio_vereda_cata \\argos01\publicacion\ServiciosPlaneacion\temporal_planeacion\ws_opendata\OD1044_60893\ShapeFile\limite_barrio_vereda_cata.shp # # # #</Process></lineage></DataProperties><SyncDate>20240501</SyncDate><SyncTime>12252400</SyncTime><ModDate>20240501</ModDate><ModTime>12252400</ModTime></Esri><dataIdInfo><envirDesc Sync="TRUE">Microsoft Windows Server 2016 Technical Preview Version 10.0 (Build 17763) ; Esri ArcGIS 13.0.0.36056</envirDesc><dataLang><languageCode value="spa" Sync="TRUE"></languageCode><countryCode value="COL" Sync="TRUE"></countryCode></dataLang><idCitation><resTitle Sync="TRUE">limite_barrio_vereda_cata</resTitle><presForm><PresFormCd value="005" Sync="TRUE"></PresFormCd></presForm></idCitation><spatRpType><SpatRepTypCd value="001" Sync="TRUE"></SpatRepTypCd></spatRpType></dataIdInfo><mdLang><languageCode value="spa" Sync="TRUE"></languageCode><countryCode value="COL" Sync="TRUE"></countryCode></mdLang><distInfo><distFormat><formatName Sync="TRUE">Shapefile</formatName></distFormat><distTranOps><transSize Sync="TRUE">0.000</transSize></distTranOps></distInfo><mdHrLv><ScopeCd value="005" Sync="TRUE"></ScopeCd></mdHrLv><mdHrLvName Sync="TRUE">dataset</mdHrLvName><refSysInfo><RefSystem><refSysID><identCode code="9377" Sync="TRUE"></identCode><idCodeSpace Sync="TRUE">EPSG</idCodeSpace><idVersion Sync="TRUE">9.8.12(12.8.0)</idVersion></refSysID></RefSystem></refSysInfo><spatRepInfo><VectSpatRep><geometObjs Name="limite_barrio_vereda_cata"><geoObjTyp><GeoObjTypCd value="002" Sync="TRUE"></GeoObjTypCd></geoObjTyp><geoObjCnt Sync="TRUE">0</geoObjCnt></geometObjs><topLvl><TopoLevCd value="001" Sync="TRUE"></TopoLevCd></topLvl></VectSpatRep></spatRepInfo><spdoinfo><ptvctinf><esriterm Name="limite_barrio_vereda_cata"><efeatyp Sync="TRUE">Simple</efeatyp><efeageom code="4" Sync="TRUE"></efeageom><esritopo Sync="TRUE">FALSE</esritopo><efeacnt Sync="TRUE">0</efeacnt><spindex Sync="TRUE">FALSE</spindex><linrefer Sync="TRUE">FALSE</linrefer></esriterm></ptvctinf></spdoinfo><eainfo><detailed Name="limite_barrio_vereda_cata"><enttyp><enttypl Sync="TRUE">limite_barrio_vereda_cata</enttypl><enttypt Sync="TRUE">Feature Class</enttypt><enttypc Sync="TRUE">0</enttypc></enttyp><attr><attrlabl Sync="TRUE">FID</attrlabl><attalias Sync="TRUE">FID</attalias><attrtype Sync="TRUE">OID</attrtype><attwidth Sync="TRUE">4</attwidth><atprecis Sync="TRUE">0</atprecis><attscale Sync="TRUE">0</attscale><attrdef Sync="TRUE">Internal feature number.</attrdef><attrdefs Sync="TRUE">Esri</attrdefs><attrdomv><udom Sync="TRUE">Sequential unique whole numbers that are automatically generated.</udom></attrdomv></attr><attr><attrlabl Sync="TRUE">Shape</attrlabl><attalias Sync="TRUE">Shape</attalias><attrtype Sync="TRUE">Geometry</attrtype><attwidth Sync="TRUE">0</attwidth><atprecis Sync="TRUE">0</atprecis><attscale Sync="TRUE">0</attscale><attrdef Sync="TRUE">Feature geometry.</attrdef><attrdefs Sync="TRUE">Esri</attrdefs><attrdomv><udom Sync="TRUE">Coordinates defining the features.</udom></attrdomv></attr><attr><attrlabl Sync="TRUE">comuna</attrlabl><attalias Sync="TRUE">comuna</attalias><attrtype Sync="TRUE">String</attrtype><attwidth Sync="TRUE">50</attwidth><atprecis Sync="TRUE">0</atprecis><attscale Sync="TRUE">0</attscale></attr><attr><attrlabl Sync="TRUE">barrio</attrlabl><attalias Sync="TRUE">barrio</attalias><attrtype Sync="TRUE">String</attrtype><attwidth Sync="TRUE">50</attwidth><atprecis Sync="TRUE">0</atprecis><attscale Sync="TRUE">0</attscale></attr><attr><attrlabl Sync="TRUE">codigo</attrlabl><attalias Sync="TRUE">codigo</attalias><attrtype Sync="TRUE">String</attrtype><attwidth Sync="TRUE">50</attwidth><atprecis Sync="TRUE">0</atprecis><attscale Sync="TRUE">0</attscale></attr><attr><attrlabl Sync="TRUE">nombre_bar</attrlabl><attalias Sync="TRUE">nombre_bar</attalias><attrtype Sync="TRUE">String</attrtype><attwidth Sync="TRUE">50</attwidth><atprecis Sync="TRUE">0</atprecis><attscale Sync="TRUE">0</attscale></attr><attr><attrlabl Sync="TRUE">indicador_</attrlabl><attalias Sync="TRUE">indicador_</attalias><attrtype Sync="TRUE">String</attrtype><attwidth Sync="TRUE">2</attwidth><atprecis Sync="TRUE">0</atprecis><attscale Sync="TRUE">0</attscale></attr><attr><attrlabl Sync="TRUE">sector</attrlabl><attalias Sync="TRUE">sector</attalias><attrtype Sync="TRUE">Integer</attrtype><attwidth Sync="TRUE">5</attwidth><atprecis Sync="TRUE">5</atprecis><attscale Sync="TRUE">0</attscale></attr><attr><attrlabl Sync="TRUE">nombre_com</attrlabl><attalias Sync="TRUE">nombre_com</attalias><attrtype Sync="TRUE">String</attrtype><attwidth Sync="TRUE">50</attwidth><atprecis Sync="TRUE">0</atprecis><attscale Sync="TRUE">0</attscale></attr><attr><attrlabl Sync="TRUE">fecha_sinc</attrlabl><attalias Sync="TRUE">fecha_sinc</attalias><attrtype Sync="TRUE">Date</attrtype><attwidth Sync="TRUE">8</attwidth><atprecis Sync="TRUE">0</atprecis><attscale Sync="TRUE">0</attscale></attr><attr><attrlabl Sync="TRUE">Shape_Leng</attrlabl><attalias Sync="TRUE">Shape_Leng</attalias><attrtype Sync="TRUE">Double</attrtype><attwidth Sync="TRUE">19</attwidth><atprecis Sync="TRUE">0</atprecis><attscale Sync="TRUE">0</attscale></attr><attr><attrlabl Sync="TRUE">Shape_Area</attrlabl><attalias Sync="TRUE">Shape_Area</attalias><attrtype Sync="TRUE">Double</attrtype><attwidth Sync="TRUE">19</attwidth><atprecis Sync="TRUE">0</atprecis><attscale Sync="TRUE">0</attscale><attrdef Sync="TRUE">Area of feature in internal units squared.</attrdef><attrdefs Sync="TRUE">Esri</attrdefs><attrdomv><udom Sync="TRUE">Positive real numbers that are automatically generated.</udom></attrdomv></attr></detailed></eainfo><mdDateSt Sync="TRUE">20240501</mdDateSt></metadata>
